system,ServerURL,tenant,resource,name,API,ADgroup
DEV,https://tsomvat502898.ww.omv.com,PPS_DEV,Planningspace,FeedKey,API.FA357F3B277B445895F30102D20AD95D.FF34031B6BED646F836D85E597C2FF97,dlg.WW.ADM-Services.P2V.developer
DEV,https://tsomvat502898.ww.omv.com,P2V_DEV_2,Planningspace,FeedKey,API.FA357F3B277B445895F30102D20AD95D.FF34031B6BED646F836D85E597C2FF97,dlg.WW.ADM-Services.P2V.developer
DEV,https://tsomvat502898.ww.omv.com,PPS_DEV_PRODCOPY,Planningspace,FeedKey,API.F9B3C3E2A7CE4293B6B65DD1B5D97E4E.A84D832F00B8E3960BAA8CCA13B1DAF5,dlg.WW.ADM-Services.P2V.developer
TEST,https://ips-test.ww.omv.com,P2V_TEST,Planningspace,FeedKey,API.FA357F3B277B445895F30102D20AD95D.FF34031B6BED646F836D85E597C2FF97,dlg.WW.ADM-Services.P2V.testusers
TEST,https://ips-test.ww.omv.com,P2V_PRODTEST,Planningspace,FeedKey,API.FA357F3B277B445895F30102D20AD95D.FF34031B6BED646F836D85E597C2FF97,dlg.WW.ADM-Services.P2V.testusers
TEST,https://ips-test.ww.omv.com,P2V_DEMO,Planningspace,FeedKey,API.FA357F3B277B445895F30102D20AD95D.FF34031B6BED646F836D85E597C2FF97,dlg.WW.ADM-Services.P2V.testusers
TEST,https://ips-test.ww.omv.com,P2V_TRAINING,Planningspace,FeedKey,API.FA357F3B277B445895F30102D20AD95D.FF34031B6BED646F836D85E597C2FF97,dlg.WW.ADM-Services.P2V.testusers
TEST,https://ips-test.ww.omv.com,P2V_BENCHMARK,Planningspace,FeedKey,API.FA357F3B277B445895F30102D20AD95D.FF34031B6BED646F836D85E597C2FF97,dlg.WW.ADM-Services.P2V.testusers
TEST,https://ips-test.ww.omv.com,PETROVR,Planningspace,FeedKey,API.FA357F3B277B445895F30102D20AD95D.FF34031B6BED646F836D85E597C2FF97,dlg.WW.ADM-Services.PetroVR
UPDATE,https://ips-update.ww.omv.com,P2V_UPDATE,Planningspace,FeedKey,API.FA357F3B277B445895F30102D20AD95D.FF34031B6BED646F836D85E597C2FF97,dlg.WW.ADM-Services.P2V.testusers
PROD,https://ips-prod.ww.omv.com,P2V-PROD,Planningspace,FeedKey,API.FA357F3B277B445895F30102D20AD95D.FF34031B6BED646F836D85E597C2FF97,dlg.WW.ADM-Services.P2V.users
