ADgroup,Lic_type,PSgroup,RESgroup,Description,Comments,Activity,category
dlg.WW.ADM-Services.P2V.access.development,1,,,P2V Development System,Access to the P2V Development system (developers only),CREATE,ACCESS
dlg.WW.ADM-Services.P2V.access.production,1,,,P2V Production System,Access to the P2V Production system,CREATE,ACCESS
dlg.WW.ADM-Services.P2V.access.test,1,,,P2V Test System ,Access to the P2V Test system,CREATE,ACCESS
dlg.WW.ADM-Services.P2V.access.training,1,,,P2V Training System  ,Access to the P2V Training system,CREATE,ACCESS
dlg.WW.ADM-Services.P2V.access.update,1,,,P2V Update System,Access to the P2V Update system,CREATE,ACCESS
dlg.WW.ADM-Services.P2V.Admin,3,Administrators,Administrators,P2V Administrator,special permissions for Plan2Value Admins,UPDATE,EXTRA
dlg.WW.ADM-Services.P2V.auditor,1,Auditor,Auditor,P2V auditor,special permission to access audit-logs,UPDATE,EXTRA
dlg.WW.ADM-Services.P2V.data.ARE,1,data.ArabEmirates,data.ArabEmirates,Data ArabEmirates,Data access P2V ArabEmirates,CREATE,DATA
dlg.WW.ADM-Services.P2V.data.AUS,1,data.Australia,data.Australia,Data Australia,Data access P2V Australia,CREATE,DATA
dlg.WW.ADM-Services.P2V.data.AUT,1,data.Austria,data.Austria,Data Austria,Data access P2V Austria,CREATE,DATA
dlg.WW.ADM-Services.P2V.data.BGR,1,data.Bulgaria,data.Bulgaria,Data Bulgaria,Data access P2V Bulgaria,CREATE,DATA
dlg.WW.ADM-Services.P2V.data.corporate,1,data.Corporate,data.Corporate,Data Corporate OMV,Data access P2V global (OMV Headoffice) ,CREATE,DATA
dlg.WW.ADM-Services.P2V.data.GEO,1,data.Georgia,data.Georgia,Data Georgia,Data access P2V Georgia,CREATE,DATA
dlg.WW.ADM-Services.P2V.data.KRI,1,data.Kurdistan,data.Kurdistan,Data Kurdistan,Data access P2V Kurdistan,CREATE,DATA
dlg.WW.ADM-Services.P2V.data.KZ,1,DELETE,DELETE,OMV BO Kazakhstan users,are allowed to see on data from BO Kazakhstan,DELETE,DELETE
dlg.WW.ADM-Services.P2V.data.LBY,1,data.Libya,data.Libya,Data Libya,Data access P2V Libya,CREATE,DATA
dlg.WW.ADM-Services.P2V.data.MEX,1,data.Mexico,data.Mexico,Data Mexico,Data access P2V Mexico,CREATE,DATA
dlg.WW.ADM-Services.P2V.data.MYS,1,data.Malaysia,data.Malaysia,Data Malaysia,Data access P2V Malaysia,CREATE,DATA
dlg.WW.ADM-Services.P2V.data.NOR,1,data.Norway,data.Norway,Data Norway,Data access P2V Norway,CREATE,DATA
dlg.WW.ADM-Services.P2V.data.NZL,1,data.NewZealand,data.NewZealand,Data New Zealand,Data access P2V New Zealand,CREATE,DATA
dlg.WW.ADM-Services.P2V.data.ROU,1,data.Romania,data.Romania,Data Romania,Data access P2V Romania,CREATE,DATA
dlg.WW.ADM-Services.P2V.data.RUS,1,data.Russia,data.Russia,Data Russia,Data access P2V Russia,CREATE,DATA
dlg.WW.ADM-Services.P2V.data.Sapura,1,DELETE,DELETE,OMV Sapura users,are allowed to see on data from OMV Sapura,DELETE,OLD
dlg.WW.ADM-Services.P2V.data.TUN,1,data.Tunisia,data.Tunisia,Data Tunisia,Data access P2V Tunisia,CREATE,DATA
dlg.WW.ADM-Services.P2V.data.YEM,1,data.Yemen,data.Yemen,Data Yemen,Data access P2V Yemen,CREATE,DATA
dlg.WW.ADM-Services.P2V.profile.Admin.Headoffice,3,profile.Admin.Headoffice,profile.Admin.Headoffice,P2V Headoffice Administrator,Headoffice P2V Administrator access,CREATE,PROFILE
dlg.WW.ADM-Services.P2V.profile.Economics.Headoffice,3,profile.Economics.Headoffice,profile.Economics.Headoffice,P2V Headoffice economist,OMV Corporate Economists role,CREATE,PROFILE
dlg.WW.ADM-Services.P2V.profile.Economics.local,3,profile.Economics.local,profile.Economics.local,P2V Local country economist,Branch Office economists role,CREATE,PROFILE
dlg.WW.ADM-Services.P2V.profile.Finance.Headoffice,3,profile.Finance.Headoffice,profile.Finance.Headoffice,P2V Headoffice controller,OMV Corporate controller role,CREATE,PROFILE
dlg.WW.ADM-Services.P2V.profile.Finance.local,3,profile.Finance.local,profile.Finance.local,P2V Local country controller,Branch Office controller role,CREATE,PROFILE
dlg.WW.ADM-Services.P2V.profile.LightUser.Headoffice,1,profile.LightUser.Headoffice,profile.LightUser.Headoffice,P2V Headoffice readonly user,OMV Corporate readonly access (light user),CREATE,PROFILE
dlg.WW.ADM-Services.P2V.profile.LightUser.local,1,profile.LightUser.local,profile.LightUser.local,P2V Local readonly user,Branch Office readonly access (light user),CREATE,PROFILE
dlg.WW.ADM-Services.P2V.profile.PP.Headoffice,3,profile.PP.Headoffice,profile.PP.Headoffice,P2V Headoffice PP user,OMV Corporate Planning & Portfolio role (standard user),CREATE,PROFILE
dlg.WW.ADM-Services.P2V.profile.PP.Headoffice.Power,3,profile.PP.Headoffice.Power,profile.PP.Headoffice.Power,P2V Headoffice PP power user,OMV Corporate Planning & Portfolio role (power user),CREATE,PROFILE
dlg.WW.ADM-Services.P2V.profile.PP.local,3,profile.PP.local,profile.PP.local,P2V Local country PP user,Branch Office Planning & Portfolio role,CREATE,PROFILE
dlg.WW.ADM-Services.P2V.profile.Projectmanager,1,profile.Projectmanager,profile.Projectmanager,P2V Projectmanager,P2V Projectmanager role (data entry),CREATE,PROFILE
dlg.WW.ADM-Services.P2V.profile.Reserves.Headoffice,3,profile.Reserves.Headoffice,profile.Reserves.Headoffice,P2V Headoffice reserves User,OMV Corporate reserves role (standard user),CREATE,PROFILE
dlg.WW.ADM-Services.P2V.profile.Reserves.Headoffice.Approve,3,profile.Reserves.Headoffice.Approve,profile.Reserves.Headoffice.Approve,Reserves headoffice approval,special approval role for Headoffice RESERVES ,CREATE,PROFILE
dlg.WW.ADM-Services.P2V.profile.Reserves.Headoffice.Power,3,profile.Reserves.Headoffice.Power,profile.Reserves.Headoffice.Power,P2V Headoffice reserves power user,OMV Corporate reserves role (power user),CREATE,PROFILE
dlg.WW.ADM-Services.P2V.profile.Reserves.local.Approve,3,profile.Reserves.local.Approve,profile.Reserves.local.Approve,Reserves local approval,special approval role for branch offices RESERVES ,CREATE,PROFILE
dlg.WW.ADM-Services.P2V.profile.Reserves.local.QRE,3,profile.Reserves.local.QRE,profile.Reserves.local.QRE,P2V Local country QRE,Branch office QRE role,CREATE,PROFILE
dlg.WW.ADM-Services.P2V.profile.Reserves.readonly,1,profile.Reserves.readonly,profile.Reserves.readonly,P2V Reserves readonly,Reserves readonly role,CREATE,PROFILE
dlg.WW.ADM-Services.P2V.profile.Resources.Headoffice,1,profile.Resources.Headoffice,profile.Resources.Headoffice,P2V Headoffice Exploration user,OMV Corporate Exporation user (ressource access),CREATE,PROFILE
dlg.WW.ADM-Services.P2V.profile.Resources.local,1,profile.Resources.local,profile.Resources.local,P2V Local country Exploration user,Branch office Exporation user (ressource access),CREATE,PROFILE
dlg.WW.ADM-Services.PetroVR,2,PetroVR_users,PetroVR_users,PetroVR,PetroVR user,UPDATE,EXTRA
