displayprofile,profile,groups,Ptype,type,lic
[ADD] Auditor,Auditor,Auditor,[ADDON],General,
[ADD] Developer,Developer,Developer,[ADDON],General,
[ADD] Documents.unlock,Dataflow.unlock,Dataflow.unlock,[ADDON],DataFlow,
[ADD] Economics.unlock,Economics.unlock,Economics.unlock,[ADDON],Economics,
[ADD] Financials.Regimes,Financials.Regimes,Financials.regimes,[ADDON],Financials,
[ADD] Financials.unlock,Financials.unlock,Financials.unlock,[ADDON],Financials,
[ADD] P2V.admin,P2V.admin,P2V.admin,[ADDON],General,
[ADD] PetroVR,PetroVR,PetroVR,[ADDON],PetroVR,
[ADD] User administration,User.admin,User.admin,[ADDON],General,
[ADD] Economics.Regimes,Economics.Regimes,Economics.regimes,[ADDON],Economics,
[BD] Deny,BD.deny,bd.deny.01,[BD],BD,
[BD] Deny,BD.deny,bd.deny.02,[BD],BD,
[BD] Deny,BD.deny,bd.deny.03,[BD],BD,
[BD] Deny,BD.deny,bd.001.deny,[BD],BD,
[DATA] - Arab Emirates,data.ArabEmirates,data.ArabEmirates,[DATA],DATA,
[DATA] - Arab Emirates - ECO,data.ArabEmirates.Economics,data.ArabEmirates.Economics,[DATA],DATA,
[DATA] - Arab Emirates - FIN,data.ArabEmirates.Finance,data.ArabEmirates.Finance,[DATA],DATA,
[DATA] - Arab Emirates - KEY,data.ArabEmirates.key,data.ArabEmirates.key,[DATA],DATA,
[DATA] - Australia,data.Australia,data.Australia,[DATA],DATA,
[DATA] - Australia - ECO,data.Australia.Economics,data.Australia.Economics,[DATA],DATA,
[DATA] - Australia - FIN,data.Australia.Finance,data.Australia.Finance,[DATA],DATA,
[DATA] - Australia - KEY,data.Australia.key,data.Australia.key,[DATA],DATA,
[DATA] - Austria,data.Austria,data.Austria,[DATA],DATA,
[DATA] - Austria - ECO,data.Austria.Economics,data.Austria.Economics,[DATA],DATA,
[DATA] - Austria - FIN,data.Austria.Finance,data.Austria.Finance,[DATA],DATA,
[DATA] - Austria - KEY,data.Austria.key,data.Austria.key,[DATA],DATA,
[DATA] - Bulgaria,data.Bulgaria,data.Bulgaria,[DATA],DATA,
[DATA] - Bulgaria - ECO,data.Bulgaria.Economics,data.Bulgaria.Economics,[DATA],DATA,
[DATA] - Bulgaria - FIN,data.Bulgaria.Finance,data.Bulgaria.Finance,[DATA],DATA,
[DATA] - Bulgaria - KEY,data.Bulgaria.key,data.Bulgaria.key,[DATA],DATA,
[DATA] - Corporate,data.Corporate,data.Corporate,[DATA],DATA,
[DATA] - Corporate - ECO,data.Corporate.Economics,data.Corporate.Economics,[DATA],DATA,
[DATA] - Corporate - FIN,data.Corporate.Finance,data.Corporate.Finance,[DATA],DATA,
[DATA] - Corporate - KEY,data.Corporate.key,data.Corporate.key,[DATA],DATA,
[DATA] - Georgia,data.Georgia,data.Georgia,[DATA],DATA,
[DATA] - Georgia - ECO,data.Georgia.Economics,data.Georgia.Economics,[DATA],DATA,
[DATA] - Georgia - FIN,data.Georgia.Finance,data.Georgia.Finance,[DATA],DATA,
[DATA] - Georgia - KEY,data.Georgia.key,data.Georgia.key,[DATA],DATA,
[DATA] - Kurdistan,data.Kurdistan,data.Kurdistan,[DATA],DATA,
[DATA] - Kurdistan - ECO,data.Kurdistan.Economics,data.Kurdistan.Economics,[DATA],DATA,
[DATA] - Kurdistan - FIN,data.Kurdistan.Finance,data.Kurdistan.Finance,[DATA],DATA,
[DATA] - Kurdistan - KEY,data.Kurdistan.key,data.Kurdistan.key,[DATA],DATA,
[DATA] - Libya,data.Libya,data.Libya,[DATA],DATA,
[DATA] - Libya - ECO,data.Libya.Economics,data.Libya.Economics,[DATA],DATA,
[DATA] - Libya - FIN,data.Libya.Finance,data.Libya.Finance,[DATA],DATA,
[DATA] - Libya - KEY,data.Libya.key,data.Libya.key,[DATA],DATA,
[DATA] - Malaysia,data.Malaysia,data.Malaysia,[DATA],DATA,
[DATA] - Malaysia - ECO,data.Malaysia.Economics,data.Malaysia.Economics,[DATA],DATA,
[DATA] - Malaysia - FIN,data.Malaysia.Finance,data.Malaysia.Finance,[DATA],DATA,
[DATA] - Malaysia - KEY,data.Malaysia.key,data.Malaysia.key,[DATA],DATA,
[DATA] - Mexico,data.Mexico,data.Mexico,[DATA],DATA,
[DATA] - Mexico - ECO,data.Mexico.Economics,data.Mexico.Economics,[DATA],DATA,
[DATA] - Mexico - FIN,data.Mexico.Finance,data.Mexico.Finance,[DATA],DATA,
[DATA] - Mexico - KEY,data.Mexico.key,data.Mexico.key,[DATA],DATA,
[DATA] - New Zealand,data.NewZealand,data.NewZealand,[DATA],DATA,
[DATA] - New Zealand - ECO,data.NewZealand.Economics,data.NewZealand.Economics,[DATA],DATA,
[DATA] - New Zealand - FIN,data.NewZealand.Finance,data.NewZealand.Finance,[DATA],DATA,
[DATA] - New Zealand - KEY,data.NewZealand.key,data.NewZealand.key,[DATA],DATA,
[DATA] - Norway,data.Norway,data.Norway,[DATA],DATA,
[DATA] - Norway - ECO,data.Norway.Economics,data.Norway.Economics,[DATA],DATA,
[DATA] - Norway - FIN,data.Norway.Finance,data.Norway.Finance,[DATA],DATA,
[DATA] - Norway - KEY,data.Norway.key,data.Norway.key,[DATA],DATA,
[DATA] - Romania,data.Romania,data.Romania,[DATA],DATA,
[DATA] - Romania - ECO,data.Romania.Economics,data.Romania.Economics,[DATA],DATA,
[DATA] - Romania - FIN,data.Romania.Finance,data.Romania.Finance,[DATA],DATA,
[DATA] - Romania - KEY,data.Romania.key,data.Romania.key,[DATA],DATA,
[DATA] - Russia,data.Russia,data.Russia,[DATA],DATA,
[DATA] - Russia - ECO,data.Russia.Economics,data.Russia.Economics,[DATA],DATA,
[DATA] - Russia - FIN,data.Russia.Finance,data.Russia.Finance,[DATA],DATA,
[DATA] - Russia - KEY,data.Russia.key,data.Russia.key,[DATA],DATA,
[DATA] - Tunisia,data.Tunisia,data.Tunisia,[DATA],DATA,
[DATA] - Tunisia - ECO,data.Tunisia.Economics,data.Tunisia.Economics,[DATA],DATA,
[DATA] - Tunisia - FIN,data.Tunisia.Finance,data.Tunisia.Finance,[DATA],DATA,
[DATA] - Tunisia - KEY,data.Tunisia.key,data.Tunisia.key,[DATA],DATA,
[DATA] - Yemen,data.Yemen,data.Yemen,[DATA],DATA,
[DATA] - Yemen - ECO,data.Yemen.Economics,data.Yemen.Economics,[DATA],DATA,
[DATA] - Yemen - FIN,data.Yemen.Finance,data.Yemen.Finance,[DATA],DATA,
[DATA] - Yemen - KEY,data.Yemen.key,data.Yemen.key,[DATA],DATA,
[TEMPLATE] deny,x,temp.adjust.admin.deny,[Templates],Template,
[TEMPLATE] deny,x,temp.adjust.eco.deny,[Templates],Template,
[TEMPLATE] deny,x,temp.adjust.ecoresults.deny,[Templates],Template,
[TEMPLATE] deny,x,temp.adjust.fin.deny,[Templates],Template,
[TEMPLATE] deny,x,temp.adjust.input.deny,[Templates],Template,
[TEMPLATE] deny,x,temp.admin.deny,[Templates],Template,
[TEMPLATE] deny,x,temp.economics.deny,[Templates],Template,
[TEMPLATE] deny,x,temp.ecoresults.deny,[Templates],Template,
[TEMPLATE] deny,x,temp.financials.deny,[Templates],Template,
[TEMPLATE] deny,x,temp.input.deny,[Templates],Template,
[TEMPLATE] fullaccess,x,temp.adjust.admin,[Templates],Template,
[TEMPLATE] fullaccess,x,temp.adjust.eco,[Templates],Template,
[TEMPLATE] fullaccess,x,temp.adjust.ecoresults,[Templates],Template,
[TEMPLATE] fullaccess,x,temp.adjust.fin,[Templates],Template,
[TEMPLATE] fullaccess,x,temp.adjust.input,[Templates],Template,
[TEMPLATE] fullaccess,x,temp.admin,[Templates],Template,
[TEMPLATE] fullaccess,x,temp.economics,[Templates],Template,
[TEMPLATE] fullaccess,x,temp.ecoresults,[Templates],Template,
[TEMPLATE] fullaccess,x,temp.financials,[Templates],Template,
[TEMPLATE] fullaccess,x,temp.input,[Templates],Template,
[TEMPLATE] readonly,x,temp.adjust.admin.readonly,[Templates],Template,
[TEMPLATE] readonly,x,temp.adjust.eco.readonly,[Templates],Template,
[TEMPLATE] readonly,x,temp.adjust.ecoresults.readonly,[Templates],Template,
[TEMPLATE] readonly,x,temp.adjust.fin.readonly,[Templates],Template,
[TEMPLATE] readonly,x,temp.adjust.input.readonly,[Templates],Template,
[TEMPLATE] readonly,x,temp.admin.readonly,[Templates],Template,
[TEMPLATE] readonly,x,temp.economics.readonly,[Templates],Template,
[TEMPLATE] readonly,x,temp.ecoresults.readonly,[Templates],Template,
[TEMPLATE] readonly,x,temp.financials.readonly,[Templates],Template,
[TEMPLATE] readonly,x,temp.input.readonly,[Templates],Template,
profile.Admin.Developer,profile.Admin.Developer,DataFlow.key,[Profile],DataFlow,
profile.Admin.Developer,profile.Admin.Developer,Economics.key,[Profile],Economics,
profile.Admin.Developer,profile.Admin.Developer,Financials.key,[Profile],Financials,
profile.Admin.Developer,profile.Admin.Developer,Input.Confirm,[Profile],General,
profile.Admin.Developer,profile.Admin.Developer,license.heavy,[Profile],License,
profile.Admin.Developer,profile.Admin.Developer,P2V.base,[Profile],General,
profile.Admin.Developer,profile.Admin.Developer,Portfolio,[Profile],Portfolio,
profile.Admin.Developer,profile.Admin.Developer,profile.Admin.Developer,[Profile],PROFILE,
profile.Admin.Developer,profile.Admin.Developer,Reporting,[Profile],API,
profile.Admin.Developer,profile.Admin.Developer,Reserves.Administrator,[Profile],Reserves,
profile.Admin.Developer,profile.Admin.Developer,Reserves.base,[Profile],Reserves,
profile.Admin.Developer,profile.Admin.Developer,Reserves.key,[Profile],Reserves,
profile.Admin.Headoffice,profile.Admin.Headoffice,DataFlow.key,[Profile],DataFlow,
profile.Admin.Headoffice,profile.Admin.Headoffice,DataFlow.power,[Profile],DataFlow,
profile.Admin.Headoffice,profile.Admin.Headoffice,Economics.key,[Profile],Economics,
profile.Admin.Headoffice,profile.Admin.Headoffice,Economics.power,[Profile],Economics,
profile.Admin.Headoffice,profile.Admin.Headoffice,Economics.regimes,[Profile],Economics,
profile.Admin.Headoffice,profile.Admin.Headoffice,Financials.key,[Profile],Financials,
profile.Admin.Headoffice,profile.Admin.Headoffice,Financials.power,[Profile],Financials,
profile.Admin.Headoffice,profile.Admin.Headoffice,Input.Confirm,[Profile],General,
profile.Admin.Headoffice,profile.Admin.Headoffice,P2V.base,[Profile],General,
profile.Admin.Headoffice,profile.Admin.Headoffice,Portfolio,[Profile],Portfolio,
profile.Admin.Headoffice,profile.Admin.Headoffice,profile.Admin.Headoffice,[Profile],PROFILE,
profile.Admin.Headoffice,profile.Admin.Headoffice,Reporting,[Profile],API,
profile.Admin.Headoffice,profile.Admin.Headoffice,Reserves.Administrator,[Profile],Reserves,
profile.Admin.Headoffice,profile.Admin.Headoffice,Reserves.base,[Profile],Reserves,
profile.Admin.Headoffice,profile.Admin.Headoffice,Reserves.key,[Profile],Reserves,
profile.Admin.Headoffice,profile.Admin.Headoffice,Reserves.power,[Profile],Reserves,
profile.Admin.Headoffice,profile.Admin.Headoffice,temp.adjust.admin,[Profile],Template,
profile.Admin.Headoffice,profile.Admin.Headoffice,temp.adjust.eco,[Profile],Template,
profile.Admin.Headoffice,profile.Admin.Headoffice,temp.adjust.ecoresults,[Profile],Template,
profile.Admin.Headoffice,profile.Admin.Headoffice,temp.adjust.fin,[Profile],Template,
profile.Admin.Headoffice,profile.Admin.Headoffice,temp.adjust.input,[Profile],Template,
profile.Admin.Headoffice,profile.Admin.Headoffice,temp.admin,[Profile],Template,
profile.Admin.Headoffice,profile.Admin.Headoffice,temp.economics,[Profile],Template,
profile.Admin.Headoffice,profile.Admin.Headoffice,temp.ecoresults,[Profile],Template,
profile.Admin.Headoffice,profile.Admin.Headoffice,temp.financials,[Profile],Template,
profile.Admin.Headoffice,profile.Admin.Headoffice,temp.input,[Profile],Template,
profile.Admin.Headoffice,profile.Admin.Headoffice,User.admin,[Profile],General,
profile.Economics.Headoffice,profile.Economics.Headoffice,profile.Economics.Headoffice,[Profile],Economics,
profile.Economics.Headoffice,profile.Economics.Headoffice,P2V.base,[Profile],General,
profile.Economics.Headoffice,profile.Economics.Headoffice,Reporting,[Profile],General,
profile.Economics.Headoffice,profile.Economics.Headoffice,Economics.key,[Profile],Economics,
profile.Economics.Headoffice,profile.Economics.Headoffice,Economics.power,[Profile],Economics,
profile.Economics.Headoffice,profile.Economics.Headoffice,Economics.regimes,[Profile],Economics,
profile.Economics.Headoffice,profile.Economics.Headoffice,Portfolio,[Profile],Portfolio,
profile.Economics.Headoffice,profile.Economics.Headoffice,Reserves.base,[Profile],Reserves,
profile.Economics.Headoffice,profile.Economics.Headoffice,license.heavy,[Profile],License,
profile.Economics.Headoffice,profile.Economics.Headoffice,temp.adjust.admin,[Profile],Reserves,
profile.Economics.Headoffice,profile.Economics.Headoffice,temp.adjust.eco,[Profile],Template,
profile.Economics.Headoffice,profile.Economics.Headoffice,temp.adjust.ecoresults,[Profile],Template,
profile.Economics.Headoffice,profile.Economics.Headoffice,temp.adjust.fin.readonly,[Profile],Template,
profile.Economics.Headoffice,profile.Economics.Headoffice,temp.adjust.input,[Profile],Template,
profile.Economics.Headoffice,profile.Economics.Headoffice,temp.admin,[Profile],Template,
profile.Economics.Headoffice,profile.Economics.Headoffice,temp.economics,[Profile],Template,
profile.Economics.Headoffice,profile.Economics.Headoffice,temp.ecoresults,[Profile],Template,
profile.Economics.Headoffice,profile.Economics.Headoffice,temp.financials.readonly,[Profile],Template,
profile.Economics.Headoffice,profile.Economics.Headoffice,temp.input,[Profile],Template,
profile.Economics.Headoffice,profile.Economics.Headoffice,data.Everyone.economics,[Profile],Economics,
profile.Economics.local,profile.Economics.local,profile.Economics.local,[Profile],Economics,
profile.Economics.local,profile.Economics.local,P2V.base,[Profile],License,
profile.Economics.local,profile.Economics.local,Reporting,[Profile],General,
profile.Economics.local,profile.Economics.local,Economics.key,[Profile],Economics,
profile.Economics.local,profile.Economics.local,Economics.Regimes.readonly,[Profile],Economics,
profile.Economics.local,profile.Economics.local,Portfolio,[Profile],Portfolio,
profile.Economics.local,profile.Economics.local,Reserves.base,[Profile],Reserves,
profile.Economics.local,profile.Economics.local,license.heavy,[Profile],License,
profile.Economics.local,profile.Economics.local,temp.adjust.admin,[Profile],Template,
profile.Economics.local,profile.Economics.local,temp.adjust.eco,[Profile],Template,
profile.Economics.local,profile.Economics.local,temp.adjust.ecoresults,[Profile],Template,
profile.Economics.local,profile.Economics.local,temp.adjust.fin.readonly,[Profile],Template,
profile.Economics.local,profile.Economics.local,temp.adjust.input,[Profile],Template,
profile.Economics.local,profile.Economics.local,temp.admin,[Profile],Template,
profile.Economics.local,profile.Economics.local,temp.economics,[Profile],Template,
profile.Economics.local,profile.Economics.local,temp.ecoresults,[Profile],Template,
profile.Economics.local,profile.Economics.local,temp.financials.readonly,[Profile],Template,
profile.Economics.local,profile.Economics.local,temp.input,[Profile],Template,
profile.Economics.local,profile.Economics.local,data.Everyone.economics,[Profile],Economics,
profile.Finance.Headoffice,profile.Finance.Headoffice,profile.Finance.Headoffice,[Profile],Financials,
profile.Finance.Headoffice,profile.Finance.Headoffice,P2V.base,[Profile],Financials,
profile.Finance.Headoffice,profile.Finance.Headoffice,Reporting,[Profile],License,
profile.Finance.Headoffice,profile.Finance.Headoffice,Financials.key,[Profile],General,
profile.Finance.Headoffice,profile.Finance.Headoffice,Financials.power,[Profile],Portfolio,
profile.Finance.Headoffice,profile.Finance.Headoffice,Portfolio,[Profile],PROFILE,
profile.Finance.Headoffice,profile.Finance.Headoffice,license.heavy,[Profile],API,
profile.Finance.Headoffice,profile.Finance.Headoffice,temp.adjust.admin.readonly,[Profile],Template,
profile.Finance.Headoffice,profile.Finance.Headoffice,temp.adjust.eco,[Profile],Template,
profile.Finance.Headoffice,profile.Finance.Headoffice,temp.adjust.ecoresults,[Profile],Template,
profile.Finance.Headoffice,profile.Finance.Headoffice,temp.adjust.fin,[Profile],Template,
profile.Finance.Headoffice,profile.Finance.Headoffice,temp.adjust.input,[Profile],Template,
profile.Finance.Headoffice,profile.Finance.Headoffice,temp.admin.readonly,[Profile],Template,
profile.Finance.Headoffice,profile.Finance.Headoffice,temp.economics.readonly,[Profile],Template,
profile.Finance.Headoffice,profile.Finance.Headoffice,temp.ecoresults.readonly,[Profile],Template,
profile.Finance.Headoffice,profile.Finance.Headoffice,temp.financials,[Profile],Template,
profile.Finance.Headoffice,profile.Finance.Headoffice,temp.input,[Profile],Template,
profile.Finance.local,profile.Finance.local,profile.Finance.local,[Profile],Financials,
profile.Finance.local,profile.Finance.local,P2V.base,[Profile],License,
profile.Finance.local,profile.Finance.local,Reporting,[Profile],General,
profile.Finance.local,profile.Finance.local,Financials.key,[Profile],Portfolio,
profile.Finance.local,profile.Finance.local,Portfolio,[Profile],PROFILE,
profile.Finance.local,profile.Finance.local,license.heavy,[Profile],API,
profile.Finance.local,profile.Finance.local,temp.adjust.admin.readonly,[Profile],Template,
profile.Finance.local,profile.Finance.local,temp.adjust.eco,[Profile],Template,
profile.Finance.local,profile.Finance.local,temp.adjust.ecoresults,[Profile],Template,
profile.Finance.local,profile.Finance.local,temp.adjust.fin,[Profile],Template,
profile.Finance.local,profile.Finance.local,temp.adjust.input.readonly,[Profile],Template,
profile.Finance.local,profile.Finance.local,temp.admin.readonly,[Profile],Template,
profile.Finance.local,profile.Finance.local,temp.economics.readonly,[Profile],Template,
profile.Finance.local,profile.Finance.local,temp.ecoresults.readonly,[Profile],Template,
profile.Finance.local,profile.Finance.local,temp.financials,[Profile],Template,
profile.Finance.local,profile.Finance.local,temp.input,[Profile],Template,
profile.Finance.Regimes,profile.Finance.Regimes,license.heavy,[Profile],License,
profile.Finance.Regimes,profile.Finance.Regimes,profile.Finance.Regimes,[Profile],PROFILE,
profile.LightUser.Headoffice,profile.LightUser.Headoffice,license.light,[Profile],License,
profile.LightUser.Headoffice,profile.LightUser.Headoffice,P2V.base,[Profile],General,
profile.LightUser.Headoffice,profile.LightUser.Headoffice,profile.LightUser.Headoffice,[Profile],PROFILE,
profile.LightUser.Headoffice,profile.LightUser.Headoffice,Reporting,[Profile],API,
profile.LightUser.Headoffice,profile.LightUser.Headoffice,temp.adjust.admin.readonly,[Profile],Template,
profile.LightUser.Headoffice,profile.LightUser.Headoffice,temp.adjust.eco.readonly,[Profile],Template,
profile.LightUser.Headoffice,profile.LightUser.Headoffice,temp.adjust.ecoresults.readonly,[Profile],Template,
profile.LightUser.Headoffice,profile.LightUser.Headoffice,temp.adjust.fin.readonly,[Profile],Template,
profile.LightUser.Headoffice,profile.LightUser.Headoffice,temp.adjust.input.readonly,[Profile],Template,
profile.LightUser.Headoffice,profile.LightUser.Headoffice,temp.admin.readonly,[Profile],Template,
profile.LightUser.Headoffice,profile.LightUser.Headoffice,temp.economics.readonly,[Profile],Template,
profile.LightUser.Headoffice,profile.LightUser.Headoffice,temp.ecoresults.readonly,[Profile],Template,
profile.LightUser.Headoffice,profile.LightUser.Headoffice,temp.financials.readonly,[Profile],Template,
profile.LightUser.Headoffice,profile.LightUser.Headoffice,temp.input.readonly,[Profile],Template,
profile.LightUser.local,profile.LightUser.local,license.light,[Profile],License,
profile.LightUser.local,profile.LightUser.local,P2V.base,[Profile],General,
profile.LightUser.local,profile.LightUser.local,profile.LightUser.local,[Profile],PROFILE,
profile.LightUser.local,profile.LightUser.local,Reporting,[Profile],API,
profile.LightUser.local,profile.LightUser.local,temp.adjust.admin.readonly,[Profile],Template,
profile.LightUser.local,profile.LightUser.local,temp.adjust.eco.readonly,[Profile],Template,
profile.LightUser.local,profile.LightUser.local,temp.adjust.ecoresults.readonly,[Profile],Template,
profile.LightUser.local,profile.LightUser.local,temp.adjust.fin.readonly,[Profile],Template,
profile.LightUser.local,profile.LightUser.local,temp.adjust.input.readonly,[Profile],Template,
profile.LightUser.local,profile.LightUser.local,temp.admin.readonly,[Profile],Template,
profile.LightUser.local,profile.LightUser.local,temp.economics.readonly,[Profile],Template,
profile.LightUser.local,profile.LightUser.local,temp.ecoresults.readonly,[Profile],Template,
profile.LightUser.local,profile.LightUser.local,temp.financials.readonly,[Profile],Template,
profile.LightUser.local,profile.LightUser.local,temp.input.readonly,[Profile],Template,
profile.PetroVR,profile.PetroVR,P2V.base,[Profile],General,
profile.PetroVR,profile.PetroVR,PetroVR,[Profile],PetroVR,
profile.PetroVR,profile.PetroVR,profile.PetroVR,[Profile],PROFILE,
profile.PetroVR,profile.PetroVR,Reporting,[Profile],API,
profile.PP.Headoffice,profile.PP.Headoffice,profile.PP.Headoffice,[Profile],PROFILE,
profile.PP.Headoffice,profile.PP.Headoffice,P2V.base,[Profile],General,
profile.PP.Headoffice,profile.PP.Headoffice,Reporting,[Profile],API,
profile.PP.Headoffice,profile.PP.Headoffice,DataFlow.key,[Profile],DataFlow,
profile.PP.Headoffice,profile.PP.Headoffice,Portfolio,[Profile],Portfolio,
profile.PP.Headoffice,profile.PP.Headoffice,Reserves.base,[Profile],Reserves,
profile.PP.Headoffice,profile.PP.Headoffice,Economics.key,[Profile],Economics,
profile.PP.Headoffice,profile.PP.Headoffice,license.heavy,[Profile],License,
profile.PP.Headoffice,profile.PP.Headoffice,temp.adjust.admin.readonly,[Profile],Template,
profile.PP.Headoffice,profile.PP.Headoffice,temp.adjust.eco.readonly,[Profile],Template,
profile.PP.Headoffice,profile.PP.Headoffice,temp.adjust.ecoresults.readonly,[Profile],Template,
profile.PP.Headoffice,profile.PP.Headoffice,temp.adjust.fin.readonly,[Profile],Template,
profile.PP.Headoffice,profile.PP.Headoffice,temp.adjust.input.readonly,[Profile],Template,
profile.PP.Headoffice,profile.PP.Headoffice,temp.admin,[Profile],Template,
profile.PP.Headoffice,profile.PP.Headoffice,temp.economics.readonly,[Profile],Template,
profile.PP.Headoffice,profile.PP.Headoffice,temp.ecoresults.readonly,[Profile],Template,
profile.PP.Headoffice,profile.PP.Headoffice,temp.financials.readonly,[Profile],Template,
profile.PP.Headoffice,profile.PP.Headoffice,temp.input,[Profile],Template,
profile.PP.Headoffice.Power,profile.PP.Headoffice.Power,profile.PP.Headoffice.Power,[Profile],PROFILE,
profile.PP.Headoffice.Power,profile.PP.Headoffice.Power,P2V.base,[Profile],General,
profile.PP.Headoffice.Power,profile.PP.Headoffice.Power,Reporting,[Profile],API,
profile.PP.Headoffice.Power,profile.PP.Headoffice.Power,DataFlow.key,[Profile],DataFlow,
profile.PP.Headoffice.Power,profile.PP.Headoffice.Power,DataFlow.power,[Profile],DataFlow,
profile.PP.Headoffice.Power,profile.PP.Headoffice.Power,Economics.key,[Profile],Economics,
profile.PP.Headoffice.Power,profile.PP.Headoffice.Power,Portfolio,[Profile],Portfolio,
profile.PP.Headoffice.Power,profile.PP.Headoffice.Power,Reserves.base,[Profile],Reserves,
profile.PP.Headoffice.Power,profile.PP.Headoffice.Power,license.heavy,[Profile],License,
profile.PP.Headoffice.Power,profile.PP.Headoffice.Power,temp.adjust.admin,[Profile],Template,
profile.PP.Headoffice.Power,profile.PP.Headoffice.Power,temp.adjust.eco.readonly,[Profile],Template,
profile.PP.Headoffice.Power,profile.PP.Headoffice.Power,temp.adjust.ecoresults.readonly,[Profile],Template,
profile.PP.Headoffice.Power,profile.PP.Headoffice.Power,temp.adjust.fin.readonly,[Profile],Template,
profile.PP.Headoffice.Power,profile.PP.Headoffice.Power,temp.adjust.input.readonly,[Profile],Template,
profile.PP.Headoffice.Power,profile.PP.Headoffice.Power,temp.admin,[Profile],Template,
profile.PP.Headoffice.Power,profile.PP.Headoffice.Power,temp.economics.readonly,[Profile],Template,
profile.PP.Headoffice.Power,profile.PP.Headoffice.Power,temp.ecoresults.readonly,[Profile],Template,
profile.PP.Headoffice.Power,profile.PP.Headoffice.Power,temp.financials.readonly,[Profile],Template,
profile.PP.Headoffice.Power,profile.PP.Headoffice.Power,temp.input,[Profile],Template,
profile.PP.local,profile.PP.local,profile.PP.local,[Profile],PROFILE,
profile.PP.local,profile.PP.local,P2V.base,[Profile],General,
profile.PP.local,profile.PP.local,Reporting,[Profile],API,
profile.PP.local,profile.PP.local,DataFlow.key,[Profile],DataFlow,
profile.PP.local,profile.PP.local,Portfolio,[Profile],Portfolio,
profile.PP.local,profile.PP.local,Reserves.base,[Profile],Reserves,
profile.PP.local,profile.PP.local,Input.Confirm,[Profile],General,
profile.PP.local,profile.PP.local,license.heavy,[Profile],License,
profile.PP.local,profile.PP.local,temp.adjust.admin,[Profile],Template,
profile.PP.local,profile.PP.local,temp.adjust.eco.readonly,[Profile],Template,
profile.PP.local,profile.PP.local,temp.adjust.ecoresults.readonly,[Profile],Template,
profile.PP.local,profile.PP.local,temp.adjust.fin.readonly,[Profile],Template,
profile.PP.local,profile.PP.local,temp.adjust.input.readonly,[Profile],Template,
profile.PP.local,profile.PP.local,temp.admin,[Profile],Template,
profile.PP.local,profile.PP.local,temp.economics.readonly,[Profile],Template,
profile.PP.local,profile.PP.local,temp.ecoresults.readonly,[Profile],Template,
profile.PP.local,profile.PP.local,temp.financials.readonly,[Profile],Template,
profile.PP.local,profile.PP.local,temp.input,[Profile],Template,
profile.Projectmanager,profile.Projectmanager,Input.Confirm,[Profile],General,
profile.Projectmanager,profile.Projectmanager,license.light,[Profile],License,
profile.Projectmanager,profile.Projectmanager,P2V.base,[Profile],General,
profile.Projectmanager,profile.Projectmanager,Portfolio,[Profile],Portfolio,
profile.Projectmanager,profile.Projectmanager,profile.Projectmanager,[Profile],PROFILE,
profile.Projectmanager,profile.Projectmanager,Reporting,[Profile],API,
profile.Projectmanager,profile.Projectmanager,temp.adjust.admin.readonly,[Profile],Template,
profile.Projectmanager,profile.Projectmanager,temp.adjust.eco.readonly,[Profile],Template,
profile.Projectmanager,profile.Projectmanager,temp.adjust.ecoresults.deny,[Profile],Template,
profile.Projectmanager,profile.Projectmanager,temp.adjust.fin.readonly,[Profile],Template,
profile.Projectmanager,profile.Projectmanager,temp.adjust.input.readonly,[Profile],Template,
profile.Projectmanager,profile.Projectmanager,temp.admin.readonly,[Profile],Template,
profile.Projectmanager,profile.Projectmanager,temp.economics.readonly,[Profile],Template,
profile.Projectmanager,profile.Projectmanager,temp.ecoresults.deny,[Profile],Template,
profile.Projectmanager,profile.Projectmanager,temp.financials.deny,[Profile],Template,
profile.Projectmanager,profile.Projectmanager,temp.input,[Profile],Template,
profile.Reserves.Headoffice,profile.Reserves.Headoffice,license.heavy,[Profile],License,
profile.Reserves.Headoffice,profile.Reserves.Headoffice,profile.Reserves.Headoffice,[Profile],PROFILE,
profile.Reserves.Headoffice.Approve,profile.Reserves.Headoffice.Approve,data.Corporate,[Profile],DATA,
profile.Reserves.Headoffice.Approve,profile.Reserves.Headoffice.Approve,Input.Approve,[Profile],General,
profile.Reserves.Headoffice.Approve,profile.Reserves.Headoffice.Approve,license.light,[Profile],License,
profile.Reserves.Headoffice.Approve,profile.Reserves.Headoffice.Approve,P2V.base,[Profile],General,
profile.Reserves.Headoffice.Approve,profile.Reserves.Headoffice.Approve,Portfolio,[Profile],Portfolio,
profile.Reserves.Headoffice.Approve,profile.Reserves.Headoffice.Approve,profile.Reserves.Headoffice.Approve,[Profile],PROFILE,
profile.Reserves.Headoffice.Approve,profile.Reserves.Headoffice.Approve,Reporting,[Profile],API,
profile.Reserves.Headoffice.Approve,profile.Reserves.Headoffice.Approve,Reserves.Approver.ho,[Profile],Reserves,
profile.Reserves.Headoffice.Approve,profile.Reserves.Headoffice.Approve,Reserves.base,[Profile],Reserves,
profile.Reserves.Headoffice.Approve,profile.Reserves.Headoffice.Approve,Reserves.key,[Profile],Reserves,
profile.Reserves.Headoffice.Approve,profile.Reserves.Headoffice.Approve,temp.adjust.admin.readonly,[Profile],Template,
profile.Reserves.Headoffice.Approve,profile.Reserves.Headoffice.Approve,temp.adjust.eco.readonly,[Profile],Template,
profile.Reserves.Headoffice.Approve,profile.Reserves.Headoffice.Approve,temp.adjust.ecoresults.readonly,[Profile],Template,
profile.Reserves.Headoffice.Approve,profile.Reserves.Headoffice.Approve,temp.adjust.fin.deny,[Profile],Template,
profile.Reserves.Headoffice.Approve,profile.Reserves.Headoffice.Approve,temp.adjust.input.readonly,[Profile],Template,
profile.Reserves.Headoffice.Approve,profile.Reserves.Headoffice.Approve,temp.admin.readonly,[Profile],Template,
profile.Reserves.Headoffice.Approve,profile.Reserves.Headoffice.Approve,temp.economics.readonly,[Profile],Template,
profile.Reserves.Headoffice.Approve,profile.Reserves.Headoffice.Approve,temp.ecoresults.deny,[Profile],Template,
profile.Reserves.Headoffice.Approve,profile.Reserves.Headoffice.Approve,temp.financials.deny,[Profile],Template,
profile.Reserves.Headoffice.Approve,profile.Reserves.Headoffice.Approve,temp.input,[Profile],Template,
profile.Reserves.Headoffice.Power,profile.Reserves.Headoffice.Power,data.Corporate,[Profile],DATA,
profile.Reserves.Headoffice.Power,profile.Reserves.Headoffice.Power,DataFlow.key,[Profile],DataFlow,
profile.Reserves.Headoffice.Power,profile.Reserves.Headoffice.Power,license.heavy,[Profile],License,
profile.Reserves.Headoffice.Power,profile.Reserves.Headoffice.Power,P2V.base,[Profile],General,
profile.Reserves.Headoffice.Power,profile.Reserves.Headoffice.Power,Portfolio,[Profile],Portfolio,
profile.Reserves.Headoffice.Power,profile.Reserves.Headoffice.Power,profile.Reserves.Headoffice.Power,[Profile],PROFILE,
profile.Reserves.Headoffice.Power,profile.Reserves.Headoffice.Power,Reporting,[Profile],API,
profile.Reserves.Headoffice.Power,profile.Reserves.Headoffice.Power,Reserves.Administrator,[Profile],Reserves,
profile.Reserves.Headoffice.Power,profile.Reserves.Headoffice.Power,Reserves.base,[Profile],Reserves,
profile.Reserves.Headoffice.Power,profile.Reserves.Headoffice.Power,Reserves.key,[Profile],Reserves,
profile.Reserves.Headoffice.Power,profile.Reserves.Headoffice.Power,Reserves.power,[Profile],Reserves,
profile.Reserves.Headoffice.Power,profile.Reserves.Headoffice.Power,temp.adjust.admin.readonly,[Profile],Template,
profile.Reserves.Headoffice.Power,profile.Reserves.Headoffice.Power,temp.adjust.eco.readonly,[Profile],Template,
profile.Reserves.Headoffice.Power,profile.Reserves.Headoffice.Power,temp.adjust.ecoresults.deny,[Profile],Template,
profile.Reserves.Headoffice.Power,profile.Reserves.Headoffice.Power,temp.adjust.fin.readonly,[Profile],Template,
profile.Reserves.Headoffice.Power,profile.Reserves.Headoffice.Power,temp.adjust.input.readonly,[Profile],Template,
profile.Reserves.Headoffice.Power,profile.Reserves.Headoffice.Power,temp.admin.readonly,[Profile],Template,
profile.Reserves.Headoffice.Power,profile.Reserves.Headoffice.Power,temp.economics.readonly,[Profile],Template,
profile.Reserves.Headoffice.Power,profile.Reserves.Headoffice.Power,temp.ecoresults.readonly,[Profile],Template,
profile.Reserves.Headoffice.Power,profile.Reserves.Headoffice.Power,temp.financials.deny,[Profile],Template,
profile.Reserves.Headoffice.Power,profile.Reserves.Headoffice.Power,temp.input,[Profile],Template,
profile.Reserves.local.Approve,profile.Reserves.local.Approve,data.Corporate,[Profile],DATA,
profile.Reserves.local.Approve,profile.Reserves.local.Approve,Input.Approve,[Profile],General,
profile.Reserves.local.Approve,profile.Reserves.local.Approve,license.light,[Profile],License,
profile.Reserves.local.Approve,profile.Reserves.local.Approve,P2V.base,[Profile],General,
profile.Reserves.local.Approve,profile.Reserves.local.Approve,Portfolio,[Profile],Portfolio,
profile.Reserves.local.Approve,profile.Reserves.local.Approve,profile.Reserves.local.Approve,[Profile],PROFILE,
profile.Reserves.local.Approve,profile.Reserves.local.Approve,Reporting,[Profile],API,
profile.Reserves.local.Approve,profile.Reserves.local.Approve,Reserves.Approver.bo,[Profile],Reserves,
profile.Reserves.local.Approve,profile.Reserves.local.Approve,Reserves.base,[Profile],Reserves,
profile.Reserves.local.Approve,profile.Reserves.local.Approve,temp.adjust.admin.readonly,[Profile],Template,
profile.Reserves.local.Approve,profile.Reserves.local.Approve,temp.adjust.eco.readonly,[Profile],Template,
profile.Reserves.local.Approve,profile.Reserves.local.Approve,temp.adjust.ecoresults.readonly,[Profile],Template,
profile.Reserves.local.Approve,profile.Reserves.local.Approve,temp.adjust.fin.deny,[Profile],Template,
profile.Reserves.local.Approve,profile.Reserves.local.Approve,temp.adjust.input.readonly,[Profile],Template,
profile.Reserves.local.Approve,profile.Reserves.local.Approve,temp.admin.readonly,[Profile],Template,
profile.Reserves.local.Approve,profile.Reserves.local.Approve,temp.economics.readonly,[Profile],Template,
profile.Reserves.local.Approve,profile.Reserves.local.Approve,temp.ecoresults.deny,[Profile],Template,
profile.Reserves.local.Approve,profile.Reserves.local.Approve,temp.financials.deny,[Profile],Template,
profile.Reserves.local.Approve,profile.Reserves.local.Approve,temp.input,[Profile],Template,
profile.Reserves.local.QRE,profile.Reserves.local.QRE,Input.Confirm,[Profile],General,
profile.Reserves.local.QRE,profile.Reserves.local.QRE,license.heavy,[Profile],License,
profile.Reserves.local.QRE,profile.Reserves.local.QRE,P2V.base,[Profile],General,
profile.Reserves.local.QRE,profile.Reserves.local.QRE,Portfolio,[Profile],Portfolio,
profile.Reserves.local.QRE,profile.Reserves.local.QRE,profile.Reserves.local.QRE,[Profile],PROFILE,
profile.Reserves.local.QRE,profile.Reserves.local.QRE,Reporting,[Profile],API,
profile.Reserves.local.QRE,profile.Reserves.local.QRE,Reserves.base,[Profile],Reserves,
profile.Reserves.local.QRE,profile.Reserves.local.QRE,Reserves.key,[Profile],Reserves,
profile.Reserves.local.QRE,profile.Reserves.local.QRE,Reserves.Submitter,[Profile],Reserves,
profile.Reserves.local.QRE,profile.Reserves.local.QRE,temp.adjust.admin.readonly,[Profile],Template,
profile.Reserves.local.QRE,profile.Reserves.local.QRE,temp.adjust.eco.readonly,[Profile],Template,
profile.Reserves.local.QRE,profile.Reserves.local.QRE,temp.adjust.ecoresults.deny,[Profile],Template,
profile.Reserves.local.QRE,profile.Reserves.local.QRE,temp.adjust.fin.deny,[Profile],Template,
profile.Reserves.local.QRE,profile.Reserves.local.QRE,temp.adjust.input.readonly,[Profile],Template,
profile.Reserves.local.QRE,profile.Reserves.local.QRE,temp.admin.readonly,[Profile],Template,
profile.Reserves.local.QRE,profile.Reserves.local.QRE,temp.economics.readonly,[Profile],Template,
profile.Reserves.local.QRE,profile.Reserves.local.QRE,temp.ecoresults.deny,[Profile],Template,
profile.Reserves.local.QRE,profile.Reserves.local.QRE,temp.financials.deny,[Profile],Template,
profile.Reserves.local.QRE,profile.Reserves.local.QRE,temp.input,[Profile],Template,
profile.Reserves.readonly,profile.Reserves.readonly,data.Corporate,[Profile],DATA,
profile.Reserves.readonly,profile.Reserves.readonly,license.light,[Profile],License,
profile.Reserves.readonly,profile.Reserves.readonly,P2V.base,[Profile],General,
profile.Reserves.readonly,profile.Reserves.readonly,Portfolio,[Profile],Portfolio,
profile.Reserves.readonly,profile.Reserves.readonly,profile.Reserves.readonly,[Profile],PROFILE,
profile.Reserves.readonly,profile.Reserves.readonly,Reporting,[Profile],API,
profile.Reserves.readonly,profile.Reserves.readonly,Reserves.base,[Profile],Reserves,
profile.Reserves.readonly,profile.Reserves.readonly,temp.adjust.admin.readonly,[Profile],Template,
profile.Reserves.readonly,profile.Reserves.readonly,temp.adjust.eco.readonly,[Profile],Template,
profile.Reserves.readonly,profile.Reserves.readonly,temp.adjust.ecoresults.deny,[Profile],Template,
profile.Reserves.readonly,profile.Reserves.readonly,temp.adjust.fin.deny,[Profile],Template,
profile.Reserves.readonly,profile.Reserves.readonly,temp.adjust.input.readonly,[Profile],Template,
profile.Reserves.readonly,profile.Reserves.readonly,temp.admin.readonly,[Profile],Template,
profile.Reserves.readonly,profile.Reserves.readonly,temp.economics.readonly,[Profile],Template,
profile.Reserves.readonly,profile.Reserves.readonly,temp.ecoresults.readonly,[Profile],Template,
profile.Reserves.readonly,profile.Reserves.readonly,temp.financials.deny,[Profile],Template,
profile.Reserves.readonly,profile.Reserves.readonly,temp.input,[Profile],Template,
profile.Resources.Headoffice,profile.Resources.Headoffice,profile.Resources.Headoffice,[Profile],PROFILE,
profile.Resources.local,profile.Resources.local,profile.Resources.local,[Profile],PROFILE,
profile.Student.local,profile.Student.local,DataFlow.key,[Profile],DataFlow,
profile.Student.local,profile.Student.local,Economics.key,[Profile],Economics,
profile.Student.local,profile.Student.local,Financials.key,[Profile],Financials,
profile.Student.local,profile.Student.local,Input.Confirm,[Profile],General,
profile.Student.local,profile.Student.local,license.heavy,[Profile],License,
profile.Student.local,profile.Student.local,P2V.base,[Profile],General,
profile.Student.local,profile.Student.local,Portfolio,[Profile],Portfolio,
profile.Student.local,profile.Student.local,profile.Student.local,[Profile],PROFILE,
profile.Student.local,profile.Student.local,Reporting,[Profile],API,
profile.Student.local,profile.Student.local,Reserves.base,[Profile],Reserves,
profile.Student.local,profile.Student.local,Reserves.key,[Profile],Reserves,
profile.Student.local,profile.Student.local,temp.adjust.admin,[Profile],Template,
profile.Student.local,profile.Student.local,temp.adjust.eco,[Profile],Template,
profile.Student.local,profile.Student.local,temp.adjust.ecoresults,[Profile],Template,
profile.Student.local,profile.Student.local,temp.adjust.fin,[Profile],Template,
profile.Student.local,profile.Student.local,temp.adjust.input,[Profile],Template,
profile.Student.local,profile.Student.local,temp.admin,[Profile],Template,
profile.Student.local,profile.Student.local,temp.economics,[Profile],Template,
profile.Student.local,profile.Student.local,temp.ecoresults,[Profile],Template,
profile.Student.local,profile.Student.local,temp.financials,[Profile],Template,
profile.Student.local,profile.Student.local,temp.input,[Profile],Template,
[DATA] - Sapura - Australia,data.Sapura.Australia,data.Sapura.Australia,[DATA],DATA,
[DATA] - Sapura - Australia - ECO,data.Sapura.Australia.Economics,data.Sapura.Australia.Economics,[DATA],DATA,
[DATA] - Sapura - Australia - FIN,data.Sapura.Australia.Finance,data.Sapura.Australia.Finance,[DATA],DATA,
[DATA] - Sapura - Australia - KEY,data.Sapura.Australia.key,data.Sapura.Australia.key,[DATA],DATA,
[DATA] - Sapura - New Zealand,data.Sapura.NewZealand,data.Sapura.NewZealand,[DATA],DATA,
[DATA] - Sapura - New Zealand - ECO,data.Sapura.NewZealand.Economics,data.Sapura.NewZealand.Economics,[DATA],DATA,
[DATA] - Sapura - New Zealand - FIN,data.Sapura.NewZealand.Finance,data.Sapura.NewZealand.Finance,[DATA],DATA,
[DATA] - Sapura - New Zealand - KEY,data.Sapura.NewZealand.key,data.Sapura.NewZealand.key,[DATA],DATA,
[DATA] - Valuecenter,data.OMVEP,data.OMVEP,[DATA],DATA,
[DATA] - Valuecenter - ECO,data.OMVEP.Economics,data.OMVEP.Economics,[DATA],DATA,
[DATA] - Valuecenter - FIN,data.OMVEP.Finance,data.OMVEP.Finance,[DATA],DATA,
[DATA] - Valuecenter - KEY,data.OMVEP.Key,data.OMVEP.Key,[DATA],DATA,
ZZ.end.of.profiles,x,everyone,,,
